"","YEAR","QUARTER","SEASON","YEAR_SEASON","COMPLICATION","SEASON_TOTAL","DELIVERIES","PERCENTAGE"
"1",2010,1,"Jan_to_Mar","2010_Jan_to_Mar","ACUTE_MYOCARDIAL_INFARCTION",2045,1,0.05
"2",2013,3,"Jul_to_Sep","2013_Jul_to_Sep","ACUTE_MYOCARDIAL_INFARCTION",2018,1,0.05
"3",2010,1,"Jan_to_Mar","2010_Jan_to_Mar","ACUTE_RENAL_FAILURE",2045,4,0.2
"4",2010,2,"Apr_to_Jun","2010_Apr_to_Jun","ACUTE_RENAL_FAILURE",1972,3,0.15
"5",2010,3,"Jul_to_Sep","2010_Jul_to_Sep","ACUTE_RENAL_FAILURE",2203,5,0.23
"6",2010,4,"Oct_to_Dec","2010_Oct_to_Dec","ACUTE_RENAL_FAILURE",2160,2,0.09
"7",2011,1,"Jan_to_Mar","2011_Jan_to_Mar","ACUTE_RENAL_FAILURE",2027,6,0.3
"8",2011,2,"Apr_to_Jun","2011_Apr_to_Jun","ACUTE_RENAL_FAILURE",2077,3,0.14
"9",2011,3,"Jul_to_Sep","2011_Jul_to_Sep","ACUTE_RENAL_FAILURE",2243,5,0.22
"10",2011,4,"Oct_to_Dec","2011_Oct_to_Dec","ACUTE_RENAL_FAILURE",2032,6,0.3
"11",2012,1,"Jan_to_Mar","2012_Jan_to_Mar","ACUTE_RENAL_FAILURE",1991,7,0.35
"12",2012,2,"Apr_to_Jun","2012_Apr_to_Jun","ACUTE_RENAL_FAILURE",2041,4,0.2
"13",2012,3,"Jul_to_Sep","2012_Jul_to_Sep","ACUTE_RENAL_FAILURE",2189,1,0.05
"14",2012,4,"Oct_to_Dec","2012_Oct_to_Dec","ACUTE_RENAL_FAILURE",2045,5,0.24
"15",2013,1,"Jan_to_Mar","2013_Jan_to_Mar","ACUTE_RENAL_FAILURE",1839,7,0.38
"16",2013,2,"Apr_to_Jun","2013_Apr_to_Jun","ACUTE_RENAL_FAILURE",1920,6,0.31
"17",2013,3,"Jul_to_Sep","2013_Jul_to_Sep","ACUTE_RENAL_FAILURE",2018,2,0.1
"18",2013,4,"Oct_to_Dec","2013_Oct_to_Dec","ACUTE_RENAL_FAILURE",2058,8,0.39
"19",2014,1,"Jan_to_Mar","2014_Jan_to_Mar","ACUTE_RENAL_FAILURE",2010,4,0.2
"20",2014,2,"Apr_to_Jun","2014_Apr_to_Jun","ACUTE_RENAL_FAILURE",1973,5,0.25
"21",2014,3,"Jul_to_Sep","2014_Jul_to_Sep","ACUTE_RENAL_FAILURE",2188,8,0.37
"22",2014,4,"Oct_to_Dec","2014_Oct_to_Dec","ACUTE_RENAL_FAILURE",2069,6,0.29
"23",2015,1,"Jan_to_Mar","2015_Jan_to_Mar","ACUTE_RENAL_FAILURE",2067,4,0.19
"24",2015,2,"Apr_to_Jun","2015_Apr_to_Jun","ACUTE_RENAL_FAILURE",2043,2,0.1
"25",2015,3,"Jul_to_Sep","2015_Jul_to_Sep","ACUTE_RENAL_FAILURE",2201,7,0.32
"26",2015,4,"Oct_to_Dec","2015_Oct_to_Dec","ACUTE_RENAL_FAILURE",2055,5,0.24
"27",2016,1,"Jan_to_Mar","2016_Jan_to_Mar","ACUTE_RENAL_FAILURE",1991,5,0.25
"28",2016,2,"Apr_to_Jun","2016_Apr_to_Jun","ACUTE_RENAL_FAILURE",2063,10,0.48
"29",2016,3,"Jul_to_Sep","2016_Jul_to_Sep","ACUTE_RENAL_FAILURE",2191,8,0.37
"30",2016,4,"Oct_to_Dec","2016_Oct_to_Dec","ACUTE_RENAL_FAILURE",2304,8,0.35
"31",2017,1,"Jan_to_Mar","2017_Jan_to_Mar","ACUTE_RENAL_FAILURE",2139,5,0.23
"32",2017,2,"Apr_to_Jun","2017_Apr_to_Jun","ACUTE_RENAL_FAILURE",2187,9,0.41
"33",2017,3,"Jul_to_Sep","2017_Jul_to_Sep","ACUTE_RENAL_FAILURE",982,7,0.71
"34",2010,2,"Apr_to_Jun","2010_Apr_to_Jun","AIR_THROMBOTIC_EMBOLISM",1972,1,0.05
"35",2010,3,"Jul_to_Sep","2010_Jul_to_Sep","AIR_THROMBOTIC_EMBOLISM",2203,1,0.05
"36",2010,4,"Oct_to_Dec","2010_Oct_to_Dec","AIR_THROMBOTIC_EMBOLISM",2160,4,0.19
"37",2011,2,"Apr_to_Jun","2011_Apr_to_Jun","AIR_THROMBOTIC_EMBOLISM",2077,4,0.19
"38",2011,3,"Jul_to_Sep","2011_Jul_to_Sep","AIR_THROMBOTIC_EMBOLISM",2243,1,0.04
"39",2011,4,"Oct_to_Dec","2011_Oct_to_Dec","AIR_THROMBOTIC_EMBOLISM",2032,1,0.05
"40",2012,1,"Jan_to_Mar","2012_Jan_to_Mar","AIR_THROMBOTIC_EMBOLISM",1991,3,0.15
"41",2012,2,"Apr_to_Jun","2012_Apr_to_Jun","AIR_THROMBOTIC_EMBOLISM",2041,1,0.05
"42",2012,3,"Jul_to_Sep","2012_Jul_to_Sep","AIR_THROMBOTIC_EMBOLISM",2189,1,0.05
"43",2012,4,"Oct_to_Dec","2012_Oct_to_Dec","AIR_THROMBOTIC_EMBOLISM",2045,1,0.05
"44",2013,1,"Jan_to_Mar","2013_Jan_to_Mar","AIR_THROMBOTIC_EMBOLISM",1839,1,0.05
"45",2013,4,"Oct_to_Dec","2013_Oct_to_Dec","AIR_THROMBOTIC_EMBOLISM",2058,6,0.29
"46",2014,2,"Apr_to_Jun","2014_Apr_to_Jun","AIR_THROMBOTIC_EMBOLISM",1973,1,0.05
"47",2014,3,"Jul_to_Sep","2014_Jul_to_Sep","AIR_THROMBOTIC_EMBOLISM",2188,3,0.14
"48",2014,4,"Oct_to_Dec","2014_Oct_to_Dec","AIR_THROMBOTIC_EMBOLISM",2069,3,0.14
"49",2015,1,"Jan_to_Mar","2015_Jan_to_Mar","AIR_THROMBOTIC_EMBOLISM",2067,1,0.05
"50",2015,3,"Jul_to_Sep","2015_Jul_to_Sep","AIR_THROMBOTIC_EMBOLISM",2201,2,0.09
"51",2015,4,"Oct_to_Dec","2015_Oct_to_Dec","AIR_THROMBOTIC_EMBOLISM",2055,6,0.29
"52",2016,1,"Jan_to_Mar","2016_Jan_to_Mar","AIR_THROMBOTIC_EMBOLISM",1991,3,0.15
"53",2016,3,"Jul_to_Sep","2016_Jul_to_Sep","AIR_THROMBOTIC_EMBOLISM",2191,1,0.05
"54",2016,4,"Oct_to_Dec","2016_Oct_to_Dec","AIR_THROMBOTIC_EMBOLISM",2304,2,0.09
"55",2017,2,"Apr_to_Jun","2017_Apr_to_Jun","AIR_THROMBOTIC_EMBOLISM",2187,1,0.05
"56",2017,3,"Jul_to_Sep","2017_Jul_to_Sep","AIR_THROMBOTIC_EMBOLISM",982,1,0.1
"57",2012,2,"Apr_to_Jun","2012_Apr_to_Jun","AMNIOTIC_FLUID_EMBOLISM",2041,1,0.05
"58",2015,3,"Jul_to_Sep","2015_Jul_to_Sep","AMNIOTIC_FLUID_EMBOLISM",2201,1,0.05
"59",2010,1,"Jan_to_Mar","2010_Jan_to_Mar","ANEURYSM",2045,1,0.05
"60",2012,2,"Apr_to_Jun","2012_Apr_to_Jun","ANEURYSM",2041,1,0.05
"61",2015,2,"Apr_to_Jun","2015_Apr_to_Jun","ANEURYSM",2043,1,0.05
"62",2015,3,"Jul_to_Sep","2015_Jul_to_Sep","ANEURYSM",2201,1,0.05
"63",2016,1,"Jan_to_Mar","2016_Jan_to_Mar","ANEURYSM",1991,1,0.05
"64",2017,1,"Jan_to_Mar","2017_Jan_to_Mar","ANEURYSM",2139,1,0.05
"65",2010,1,"Jan_to_Mar","2010_Jan_to_Mar","BLOOD_PRODUCTS_TRANSFUSION",2045,25,1.22
"66",2010,2,"Apr_to_Jun","2010_Apr_to_Jun","BLOOD_PRODUCTS_TRANSFUSION",1972,37,1.88
"67",2010,3,"Jul_to_Sep","2010_Jul_to_Sep","BLOOD_PRODUCTS_TRANSFUSION",2203,33,1.5
"68",2010,4,"Oct_to_Dec","2010_Oct_to_Dec","BLOOD_PRODUCTS_TRANSFUSION",2160,49,2.27
"69",2011,1,"Jan_to_Mar","2011_Jan_to_Mar","BLOOD_PRODUCTS_TRANSFUSION",2027,45,2.22
"70",2011,2,"Apr_to_Jun","2011_Apr_to_Jun","BLOOD_PRODUCTS_TRANSFUSION",2077,39,1.88
"71",2011,3,"Jul_to_Sep","2011_Jul_to_Sep","BLOOD_PRODUCTS_TRANSFUSION",2243,34,1.52
"72",2011,4,"Oct_to_Dec","2011_Oct_to_Dec","BLOOD_PRODUCTS_TRANSFUSION",2032,47,2.31
"73",2012,1,"Jan_to_Mar","2012_Jan_to_Mar","BLOOD_PRODUCTS_TRANSFUSION",1991,48,2.41
"74",2012,2,"Apr_to_Jun","2012_Apr_to_Jun","BLOOD_PRODUCTS_TRANSFUSION",2041,37,1.81
"75",2012,3,"Jul_to_Sep","2012_Jul_to_Sep","BLOOD_PRODUCTS_TRANSFUSION",2189,40,1.83
"76",2012,4,"Oct_to_Dec","2012_Oct_to_Dec","BLOOD_PRODUCTS_TRANSFUSION",2045,45,2.2
"77",2013,1,"Jan_to_Mar","2013_Jan_to_Mar","BLOOD_PRODUCTS_TRANSFUSION",1839,47,2.56
"78",2013,2,"Apr_to_Jun","2013_Apr_to_Jun","BLOOD_PRODUCTS_TRANSFUSION",1920,38,1.98
"79",2013,3,"Jul_to_Sep","2013_Jul_to_Sep","BLOOD_PRODUCTS_TRANSFUSION",2018,48,2.38
"80",2013,4,"Oct_to_Dec","2013_Oct_to_Dec","BLOOD_PRODUCTS_TRANSFUSION",2058,54,2.62
"81",2014,1,"Jan_to_Mar","2014_Jan_to_Mar","BLOOD_PRODUCTS_TRANSFUSION",2010,34,1.69
"82",2014,2,"Apr_to_Jun","2014_Apr_to_Jun","BLOOD_PRODUCTS_TRANSFUSION",1973,47,2.38
"83",2014,3,"Jul_to_Sep","2014_Jul_to_Sep","BLOOD_PRODUCTS_TRANSFUSION",2188,55,2.51
"84",2014,4,"Oct_to_Dec","2014_Oct_to_Dec","BLOOD_PRODUCTS_TRANSFUSION",2069,50,2.42
"85",2015,1,"Jan_to_Mar","2015_Jan_to_Mar","BLOOD_PRODUCTS_TRANSFUSION",2067,45,2.18
"86",2015,2,"Apr_to_Jun","2015_Apr_to_Jun","BLOOD_PRODUCTS_TRANSFUSION",2043,37,1.81
"87",2015,3,"Jul_to_Sep","2015_Jul_to_Sep","BLOOD_PRODUCTS_TRANSFUSION",2201,63,2.86
"88",2015,4,"Oct_to_Dec","2015_Oct_to_Dec","BLOOD_PRODUCTS_TRANSFUSION",2055,4,0.19
"89",2016,1,"Jan_to_Mar","2016_Jan_to_Mar","BLOOD_PRODUCTS_TRANSFUSION",1991,3,0.15
"90",2017,2,"Apr_to_Jun","2017_Apr_to_Jun","BLOOD_PRODUCTS_TRANSFUSION",2187,2,0.09
"91",2017,3,"Jul_to_Sep","2017_Jul_to_Sep","BLOOD_PRODUCTS_TRANSFUSION",982,2,0.2
"92",2010,1,"Jan_to_Mar","2010_Jan_to_Mar","BP_TRANSFUSION_DELIVERY",2045,25,1.22
"93",2010,2,"Apr_to_Jun","2010_Apr_to_Jun","BP_TRANSFUSION_DELIVERY",1972,37,1.88
"94",2010,3,"Jul_to_Sep","2010_Jul_to_Sep","BP_TRANSFUSION_DELIVERY",2203,33,1.5
"95",2010,4,"Oct_to_Dec","2010_Oct_to_Dec","BP_TRANSFUSION_DELIVERY",2160,49,2.27
"96",2011,1,"Jan_to_Mar","2011_Jan_to_Mar","BP_TRANSFUSION_DELIVERY",2027,45,2.22
"97",2011,2,"Apr_to_Jun","2011_Apr_to_Jun","BP_TRANSFUSION_DELIVERY",2077,39,1.88
"98",2011,3,"Jul_to_Sep","2011_Jul_to_Sep","BP_TRANSFUSION_DELIVERY",2243,34,1.52
"99",2011,4,"Oct_to_Dec","2011_Oct_to_Dec","BP_TRANSFUSION_DELIVERY",2032,47,2.31
"100",2012,1,"Jan_to_Mar","2012_Jan_to_Mar","BP_TRANSFUSION_DELIVERY",1991,48,2.41
"101",2012,2,"Apr_to_Jun","2012_Apr_to_Jun","BP_TRANSFUSION_DELIVERY",2041,37,1.81
"102",2012,3,"Jul_to_Sep","2012_Jul_to_Sep","BP_TRANSFUSION_DELIVERY",2189,40,1.83
"103",2012,4,"Oct_to_Dec","2012_Oct_to_Dec","BP_TRANSFUSION_DELIVERY",2045,45,2.2
"104",2013,1,"Jan_to_Mar","2013_Jan_to_Mar","BP_TRANSFUSION_DELIVERY",1839,47,2.56
"105",2013,2,"Apr_to_Jun","2013_Apr_to_Jun","BP_TRANSFUSION_DELIVERY",1920,38,1.98
"106",2013,3,"Jul_to_Sep","2013_Jul_to_Sep","BP_TRANSFUSION_DELIVERY",2018,48,2.38
"107",2013,4,"Oct_to_Dec","2013_Oct_to_Dec","BP_TRANSFUSION_DELIVERY",2058,54,2.62
"108",2014,1,"Jan_to_Mar","2014_Jan_to_Mar","BP_TRANSFUSION_DELIVERY",2010,34,1.69
"109",2014,2,"Apr_to_Jun","2014_Apr_to_Jun","BP_TRANSFUSION_DELIVERY",1973,47,2.38
"110",2014,3,"Jul_to_Sep","2014_Jul_to_Sep","BP_TRANSFUSION_DELIVERY",2188,55,2.51
"111",2014,4,"Oct_to_Dec","2014_Oct_to_Dec","BP_TRANSFUSION_DELIVERY",2069,50,2.42
"112",2015,1,"Jan_to_Mar","2015_Jan_to_Mar","BP_TRANSFUSION_DELIVERY",2067,45,2.18
"113",2015,2,"Apr_to_Jun","2015_Apr_to_Jun","BP_TRANSFUSION_DELIVERY",2043,37,1.81
"114",2015,3,"Jul_to_Sep","2015_Jul_to_Sep","BP_TRANSFUSION_DELIVERY",2201,63,2.86
"115",2015,4,"Oct_to_Dec","2015_Oct_to_Dec","BP_TRANSFUSION_DELIVERY",2055,4,0.19
"116",2016,1,"Jan_to_Mar","2016_Jan_to_Mar","BP_TRANSFUSION_DELIVERY",1991,3,0.15
"117",2017,2,"Apr_to_Jun","2017_Apr_to_Jun","BP_TRANSFUSION_DELIVERY",2187,2,0.09
"118",2017,3,"Jul_to_Sep","2017_Jul_to_Sep","BP_TRANSFUSION_DELIVERY",982,2,0.2
"119",2011,3,"Jul_to_Sep","2011_Jul_to_Sep","CARDIAC_ARREST",2243,1,0.04
"120",2013,1,"Jan_to_Mar","2013_Jan_to_Mar","CARDIAC_ARREST",1839,1,0.05
"121",2014,4,"Oct_to_Dec","2014_Oct_to_Dec","CARDIAC_ARREST",2069,1,0.05
"122",2015,3,"Jul_to_Sep","2015_Jul_to_Sep","CARDIAC_ARREST",2201,1,0.05
"123",2017,2,"Apr_to_Jun","2017_Apr_to_Jun","CARDIAC_ARREST",2187,1,0.05
"124",2010,1,"Jan_to_Mar","2010_Jan_to_Mar","CONVERSION_CARDIAC_RHYTHM",2045,1,0.05
"125",2011,1,"Jan_to_Mar","2011_Jan_to_Mar","CONVERSION_CARDIAC_RHYTHM",2027,1,0.05
"126",2011,3,"Jul_to_Sep","2011_Jul_to_Sep","CONVERSION_CARDIAC_RHYTHM",2243,1,0.04
"127",2012,2,"Apr_to_Jun","2012_Apr_to_Jun","CONVERSION_CARDIAC_RHYTHM",2041,1,0.05
"128",2013,2,"Apr_to_Jun","2013_Apr_to_Jun","CONVERSION_CARDIAC_RHYTHM",1920,1,0.05
"129",2014,4,"Oct_to_Dec","2014_Oct_to_Dec","CONVERSION_CARDIAC_RHYTHM",2069,1,0.05
"130",2015,3,"Jul_to_Sep","2015_Jul_to_Sep","CONVERSION_CARDIAC_RHYTHM",2201,1,0.05
"131",2016,4,"Oct_to_Dec","2016_Oct_to_Dec","CONVERSION_CARDIAC_RHYTHM",2304,1,0.04
"132",2010,1,"Jan_to_Mar","2010_Jan_to_Mar","DELIVERY",2045,2045,100
"133",2010,2,"Apr_to_Jun","2010_Apr_to_Jun","DELIVERY",1972,1972,100
"134",2010,3,"Jul_to_Sep","2010_Jul_to_Sep","DELIVERY",2203,2203,100
"135",2010,4,"Oct_to_Dec","2010_Oct_to_Dec","DELIVERY",2160,2160,100
"136",2011,1,"Jan_to_Mar","2011_Jan_to_Mar","DELIVERY",2027,2027,100
"137",2011,2,"Apr_to_Jun","2011_Apr_to_Jun","DELIVERY",2077,2077,100
"138",2011,3,"Jul_to_Sep","2011_Jul_to_Sep","DELIVERY",2243,2243,100
"139",2011,4,"Oct_to_Dec","2011_Oct_to_Dec","DELIVERY",2032,2032,100
"140",2012,1,"Jan_to_Mar","2012_Jan_to_Mar","DELIVERY",1991,1991,100
"141",2012,2,"Apr_to_Jun","2012_Apr_to_Jun","DELIVERY",2041,2041,100
"142",2012,3,"Jul_to_Sep","2012_Jul_to_Sep","DELIVERY",2189,2189,100
"143",2012,4,"Oct_to_Dec","2012_Oct_to_Dec","DELIVERY",2045,2045,100
"144",2013,1,"Jan_to_Mar","2013_Jan_to_Mar","DELIVERY",1839,1839,100
"145",2013,2,"Apr_to_Jun","2013_Apr_to_Jun","DELIVERY",1920,1920,100
"146",2013,3,"Jul_to_Sep","2013_Jul_to_Sep","DELIVERY",2018,2018,100
"147",2013,4,"Oct_to_Dec","2013_Oct_to_Dec","DELIVERY",2058,2058,100
"148",2014,1,"Jan_to_Mar","2014_Jan_to_Mar","DELIVERY",2010,2010,100
"149",2014,2,"Apr_to_Jun","2014_Apr_to_Jun","DELIVERY",1973,1973,100
"150",2014,3,"Jul_to_Sep","2014_Jul_to_Sep","DELIVERY",2188,2188,100
"151",2014,4,"Oct_to_Dec","2014_Oct_to_Dec","DELIVERY",2069,2069,100
"152",2015,1,"Jan_to_Mar","2015_Jan_to_Mar","DELIVERY",2067,2067,100
"153",2015,2,"Apr_to_Jun","2015_Apr_to_Jun","DELIVERY",2043,2043,100
"154",2015,3,"Jul_to_Sep","2015_Jul_to_Sep","DELIVERY",2201,2201,100
"155",2015,4,"Oct_to_Dec","2015_Oct_to_Dec","DELIVERY",2055,2055,100
"156",2016,1,"Jan_to_Mar","2016_Jan_to_Mar","DELIVERY",1991,1991,100
"157",2016,2,"Apr_to_Jun","2016_Apr_to_Jun","DELIVERY",2063,2063,100
"158",2016,3,"Jul_to_Sep","2016_Jul_to_Sep","DELIVERY",2191,2191,100
"159",2016,4,"Oct_to_Dec","2016_Oct_to_Dec","DELIVERY",2304,2304,100
"160",2017,1,"Jan_to_Mar","2017_Jan_to_Mar","DELIVERY",2139,2139,100
"161",2017,2,"Apr_to_Jun","2017_Apr_to_Jun","DELIVERY",2187,2187,100
"162",2017,3,"Jul_to_Sep","2017_Jul_to_Sep","DELIVERY",982,982,100
"163",2010,1,"Jan_to_Mar","2010_Jan_to_Mar","DISSEMINATED_INTRAVASCULAR_COAGULATION",2045,24,1.17
"164",2010,2,"Apr_to_Jun","2010_Apr_to_Jun","DISSEMINATED_INTRAVASCULAR_COAGULATION",1972,26,1.32
"165",2010,3,"Jul_to_Sep","2010_Jul_to_Sep","DISSEMINATED_INTRAVASCULAR_COAGULATION",2203,10,0.45
"166",2010,4,"Oct_to_Dec","2010_Oct_to_Dec","DISSEMINATED_INTRAVASCULAR_COAGULATION",2160,14,0.65
"167",2011,1,"Jan_to_Mar","2011_Jan_to_Mar","DISSEMINATED_INTRAVASCULAR_COAGULATION",2027,12,0.59
"168",2011,2,"Apr_to_Jun","2011_Apr_to_Jun","DISSEMINATED_INTRAVASCULAR_COAGULATION",2077,11,0.53
"169",2011,3,"Jul_to_Sep","2011_Jul_to_Sep","DISSEMINATED_INTRAVASCULAR_COAGULATION",2243,18,0.8
"170",2011,4,"Oct_to_Dec","2011_Oct_to_Dec","DISSEMINATED_INTRAVASCULAR_COAGULATION",2032,9,0.44
"171",2012,1,"Jan_to_Mar","2012_Jan_to_Mar","DISSEMINATED_INTRAVASCULAR_COAGULATION",1991,21,1.05
"172",2012,2,"Apr_to_Jun","2012_Apr_to_Jun","DISSEMINATED_INTRAVASCULAR_COAGULATION",2041,11,0.54
"173",2012,3,"Jul_to_Sep","2012_Jul_to_Sep","DISSEMINATED_INTRAVASCULAR_COAGULATION",2189,10,0.46
"174",2012,4,"Oct_to_Dec","2012_Oct_to_Dec","DISSEMINATED_INTRAVASCULAR_COAGULATION",2045,9,0.44
"175",2013,1,"Jan_to_Mar","2013_Jan_to_Mar","DISSEMINATED_INTRAVASCULAR_COAGULATION",1839,8,0.44
"176",2013,2,"Apr_to_Jun","2013_Apr_to_Jun","DISSEMINATED_INTRAVASCULAR_COAGULATION",1920,12,0.62
"177",2013,3,"Jul_to_Sep","2013_Jul_to_Sep","DISSEMINATED_INTRAVASCULAR_COAGULATION",2018,9,0.45
"178",2013,4,"Oct_to_Dec","2013_Oct_to_Dec","DISSEMINATED_INTRAVASCULAR_COAGULATION",2058,6,0.29
"179",2014,1,"Jan_to_Mar","2014_Jan_to_Mar","DISSEMINATED_INTRAVASCULAR_COAGULATION",2010,4,0.2
"180",2014,2,"Apr_to_Jun","2014_Apr_to_Jun","DISSEMINATED_INTRAVASCULAR_COAGULATION",1973,4,0.2
"181",2014,3,"Jul_to_Sep","2014_Jul_to_Sep","DISSEMINATED_INTRAVASCULAR_COAGULATION",2188,8,0.37
"182",2014,4,"Oct_to_Dec","2014_Oct_to_Dec","DISSEMINATED_INTRAVASCULAR_COAGULATION",2069,3,0.14
"183",2015,1,"Jan_to_Mar","2015_Jan_to_Mar","DISSEMINATED_INTRAVASCULAR_COAGULATION",2067,5,0.24
"184",2015,2,"Apr_to_Jun","2015_Apr_to_Jun","DISSEMINATED_INTRAVASCULAR_COAGULATION",2043,2,0.1
"185",2015,3,"Jul_to_Sep","2015_Jul_to_Sep","DISSEMINATED_INTRAVASCULAR_COAGULATION",2201,8,0.36
"186",2015,4,"Oct_to_Dec","2015_Oct_to_Dec","DISSEMINATED_INTRAVASCULAR_COAGULATION",2055,4,0.19
"187",2016,1,"Jan_to_Mar","2016_Jan_to_Mar","DISSEMINATED_INTRAVASCULAR_COAGULATION",1991,3,0.15
"188",2016,2,"Apr_to_Jun","2016_Apr_to_Jun","DISSEMINATED_INTRAVASCULAR_COAGULATION",2063,2,0.1
"189",2016,3,"Jul_to_Sep","2016_Jul_to_Sep","DISSEMINATED_INTRAVASCULAR_COAGULATION",2191,4,0.18
"190",2016,4,"Oct_to_Dec","2016_Oct_to_Dec","DISSEMINATED_INTRAVASCULAR_COAGULATION",2304,9,0.39
"191",2017,1,"Jan_to_Mar","2017_Jan_to_Mar","DISSEMINATED_INTRAVASCULAR_COAGULATION",2139,11,0.51
"192",2017,2,"Apr_to_Jun","2017_Apr_to_Jun","DISSEMINATED_INTRAVASCULAR_COAGULATION",2187,5,0.23
"193",2017,3,"Jul_to_Sep","2017_Jul_to_Sep","DISSEMINATED_INTRAVASCULAR_COAGULATION",982,2,0.2
"194",2010,1,"Jan_to_Mar","2010_Jan_to_Mar","ECLAMPSIA",2045,1,0.05
"195",2010,2,"Apr_to_Jun","2010_Apr_to_Jun","ECLAMPSIA",1972,3,0.15
"196",2010,3,"Jul_to_Sep","2010_Jul_to_Sep","ECLAMPSIA",2203,4,0.18
"197",2010,4,"Oct_to_Dec","2010_Oct_to_Dec","ECLAMPSIA",2160,1,0.05
"198",2011,1,"Jan_to_Mar","2011_Jan_to_Mar","ECLAMPSIA",2027,1,0.05
"199",2011,2,"Apr_to_Jun","2011_Apr_to_Jun","ECLAMPSIA",2077,4,0.19
"200",2011,3,"Jul_to_Sep","2011_Jul_to_Sep","ECLAMPSIA",2243,2,0.09
"201",2011,4,"Oct_to_Dec","2011_Oct_to_Dec","ECLAMPSIA",2032,3,0.15
"202",2012,2,"Apr_to_Jun","2012_Apr_to_Jun","ECLAMPSIA",2041,1,0.05
"203",2012,3,"Jul_to_Sep","2012_Jul_to_Sep","ECLAMPSIA",2189,1,0.05
"204",2012,4,"Oct_to_Dec","2012_Oct_to_Dec","ECLAMPSIA",2045,3,0.15
"205",2013,1,"Jan_to_Mar","2013_Jan_to_Mar","ECLAMPSIA",1839,1,0.05
"206",2013,2,"Apr_to_Jun","2013_Apr_to_Jun","ECLAMPSIA",1920,2,0.1
"207",2013,3,"Jul_to_Sep","2013_Jul_to_Sep","ECLAMPSIA",2018,1,0.05
"208",2013,4,"Oct_to_Dec","2013_Oct_to_Dec","ECLAMPSIA",2058,1,0.05
"209",2014,1,"Jan_to_Mar","2014_Jan_to_Mar","ECLAMPSIA",2010,2,0.1
"210",2014,2,"Apr_to_Jun","2014_Apr_to_Jun","ECLAMPSIA",1973,1,0.05
"211",2014,3,"Jul_to_Sep","2014_Jul_to_Sep","ECLAMPSIA",2188,3,0.14
"212",2014,4,"Oct_to_Dec","2014_Oct_to_Dec","ECLAMPSIA",2069,3,0.14
"213",2015,1,"Jan_to_Mar","2015_Jan_to_Mar","ECLAMPSIA",2067,2,0.1
"214",2015,3,"Jul_to_Sep","2015_Jul_to_Sep","ECLAMPSIA",2201,2,0.09
"215",2015,4,"Oct_to_Dec","2015_Oct_to_Dec","ECLAMPSIA",2055,7,0.34
"216",2016,1,"Jan_to_Mar","2016_Jan_to_Mar","ECLAMPSIA",1991,2,0.1
"217",2016,2,"Apr_to_Jun","2016_Apr_to_Jun","ECLAMPSIA",2063,2,0.1
"218",2016,3,"Jul_to_Sep","2016_Jul_to_Sep","ECLAMPSIA",2191,2,0.09
"219",2016,4,"Oct_to_Dec","2016_Oct_to_Dec","ECLAMPSIA",2304,4,0.17
"220",2017,2,"Apr_to_Jun","2017_Apr_to_Jun","ECLAMPSIA",2187,1,0.05
"221",2017,3,"Jul_to_Sep","2017_Jul_to_Sep","ECLAMPSIA",982,1,0.1
"222",2010,1,"Jan_to_Mar","2010_Jan_to_Mar","HEMORRHAGE",2045,149,7.29
"223",2010,2,"Apr_to_Jun","2010_Apr_to_Jun","HEMORRHAGE",1972,152,7.71
"224",2010,3,"Jul_to_Sep","2010_Jul_to_Sep","HEMORRHAGE",2203,166,7.54
"225",2010,4,"Oct_to_Dec","2010_Oct_to_Dec","HEMORRHAGE",2160,189,8.75
"226",2011,1,"Jan_to_Mar","2011_Jan_to_Mar","HEMORRHAGE",2027,174,8.58
"227",2011,2,"Apr_to_Jun","2011_Apr_to_Jun","HEMORRHAGE",2077,212,10.21
"228",2011,3,"Jul_to_Sep","2011_Jul_to_Sep","HEMORRHAGE",2243,192,8.56
"229",2011,4,"Oct_to_Dec","2011_Oct_to_Dec","HEMORRHAGE",2032,200,9.84
"230",2012,1,"Jan_to_Mar","2012_Jan_to_Mar","HEMORRHAGE",1991,160,8.04
"231",2012,2,"Apr_to_Jun","2012_Apr_to_Jun","HEMORRHAGE",2041,210,10.29
"232",2012,3,"Jul_to_Sep","2012_Jul_to_Sep","HEMORRHAGE",2189,245,11.19
"233",2012,4,"Oct_to_Dec","2012_Oct_to_Dec","HEMORRHAGE",2045,171,8.36
"234",2013,1,"Jan_to_Mar","2013_Jan_to_Mar","HEMORRHAGE",1839,134,7.29
"235",2013,2,"Apr_to_Jun","2013_Apr_to_Jun","HEMORRHAGE",1920,136,7.08
"236",2013,3,"Jul_to_Sep","2013_Jul_to_Sep","HEMORRHAGE",2018,144,7.14
"237",2013,4,"Oct_to_Dec","2013_Oct_to_Dec","HEMORRHAGE",2058,155,7.53
"238",2014,1,"Jan_to_Mar","2014_Jan_to_Mar","HEMORRHAGE",2010,122,6.07
"239",2014,2,"Apr_to_Jun","2014_Apr_to_Jun","HEMORRHAGE",1973,129,6.54
"240",2014,3,"Jul_to_Sep","2014_Jul_to_Sep","HEMORRHAGE",2188,135,6.17
"241",2014,4,"Oct_to_Dec","2014_Oct_to_Dec","HEMORRHAGE",2069,153,7.39
"242",2015,1,"Jan_to_Mar","2015_Jan_to_Mar","HEMORRHAGE",2067,112,5.42
"243",2015,2,"Apr_to_Jun","2015_Apr_to_Jun","HEMORRHAGE",2043,123,6.02
"244",2015,3,"Jul_to_Sep","2015_Jul_to_Sep","HEMORRHAGE",2201,154,7
"245",2015,4,"Oct_to_Dec","2015_Oct_to_Dec","HEMORRHAGE",2055,123,5.99
"246",2016,1,"Jan_to_Mar","2016_Jan_to_Mar","HEMORRHAGE",1991,115,5.78
"247",2016,2,"Apr_to_Jun","2016_Apr_to_Jun","HEMORRHAGE",2063,147,7.13
"248",2016,3,"Jul_to_Sep","2016_Jul_to_Sep","HEMORRHAGE",2191,163,7.44
"249",2016,4,"Oct_to_Dec","2016_Oct_to_Dec","HEMORRHAGE",2304,151,6.55
"250",2017,1,"Jan_to_Mar","2017_Jan_to_Mar","HEMORRHAGE",2139,131,6.12
"251",2017,2,"Apr_to_Jun","2017_Apr_to_Jun","HEMORRHAGE",2187,131,5.99
"252",2017,3,"Jul_to_Sep","2017_Jul_to_Sep","HEMORRHAGE",982,71,7.23
"253",2010,1,"Jan_to_Mar","2010_Jan_to_Mar","HF_DURING_SURGERY",2045,1,0.05
"254",2011,1,"Jan_to_Mar","2011_Jan_to_Mar","HF_DURING_SURGERY",2027,1,0.05
"255",2012,1,"Jan_to_Mar","2012_Jan_to_Mar","HF_DURING_SURGERY",1991,1,0.05
"256",2012,2,"Apr_to_Jun","2012_Apr_to_Jun","HF_DURING_SURGERY",2041,2,0.1
"257",2012,3,"Jul_to_Sep","2012_Jul_to_Sep","HF_DURING_SURGERY",2189,1,0.05
"258",2012,4,"Oct_to_Dec","2012_Oct_to_Dec","HF_DURING_SURGERY",2045,1,0.05
"259",2014,3,"Jul_to_Sep","2014_Jul_to_Sep","HF_DURING_SURGERY",2188,1,0.05
"260",2015,1,"Jan_to_Mar","2015_Jan_to_Mar","HF_DURING_SURGERY",2067,1,0.05
"261",2015,3,"Jul_to_Sep","2015_Jul_to_Sep","HF_DURING_SURGERY",2201,1,0.05
"262",2010,1,"Jan_to_Mar","2010_Jan_to_Mar","HYSTERECTOMY",2045,1,0.05
"263",2010,2,"Apr_to_Jun","2010_Apr_to_Jun","HYSTERECTOMY",1972,4,0.2
"264",2010,3,"Jul_to_Sep","2010_Jul_to_Sep","HYSTERECTOMY",2203,4,0.18
"265",2010,4,"Oct_to_Dec","2010_Oct_to_Dec","HYSTERECTOMY",2160,1,0.05
"266",2011,1,"Jan_to_Mar","2011_Jan_to_Mar","HYSTERECTOMY",2027,1,0.05
"267",2011,2,"Apr_to_Jun","2011_Apr_to_Jun","HYSTERECTOMY",2077,1,0.05
"268",2011,3,"Jul_to_Sep","2011_Jul_to_Sep","HYSTERECTOMY",2243,2,0.09
"269",2011,4,"Oct_to_Dec","2011_Oct_to_Dec","HYSTERECTOMY",2032,2,0.1
"270",2012,1,"Jan_to_Mar","2012_Jan_to_Mar","HYSTERECTOMY",1991,3,0.15
"271",2012,2,"Apr_to_Jun","2012_Apr_to_Jun","HYSTERECTOMY",2041,2,0.1
"272",2012,3,"Jul_to_Sep","2012_Jul_to_Sep","HYSTERECTOMY",2189,1,0.05
"273",2012,4,"Oct_to_Dec","2012_Oct_to_Dec","HYSTERECTOMY",2045,3,0.15
"274",2013,1,"Jan_to_Mar","2013_Jan_to_Mar","HYSTERECTOMY",1839,1,0.05
"275",2013,2,"Apr_to_Jun","2013_Apr_to_Jun","HYSTERECTOMY",1920,1,0.05
"276",2013,3,"Jul_to_Sep","2013_Jul_to_Sep","HYSTERECTOMY",2018,2,0.1
"277",2013,4,"Oct_to_Dec","2013_Oct_to_Dec","HYSTERECTOMY",2058,1,0.05
"278",2014,1,"Jan_to_Mar","2014_Jan_to_Mar","HYSTERECTOMY",2010,3,0.15
"279",2014,2,"Apr_to_Jun","2014_Apr_to_Jun","HYSTERECTOMY",1973,1,0.05
"280",2014,3,"Jul_to_Sep","2014_Jul_to_Sep","HYSTERECTOMY",2188,1,0.05
"281",2014,4,"Oct_to_Dec","2014_Oct_to_Dec","HYSTERECTOMY",2069,4,0.19
"282",2015,1,"Jan_to_Mar","2015_Jan_to_Mar","HYSTERECTOMY",2067,1,0.05
"283",2015,2,"Apr_to_Jun","2015_Apr_to_Jun","HYSTERECTOMY",2043,4,0.2
"284",2015,3,"Jul_to_Sep","2015_Jul_to_Sep","HYSTERECTOMY",2201,5,0.23
"285",2015,4,"Oct_to_Dec","2015_Oct_to_Dec","HYSTERECTOMY",2055,1,0.05
"286",2016,1,"Jan_to_Mar","2016_Jan_to_Mar","HYSTERECTOMY",1991,2,0.1
"287",2016,2,"Apr_to_Jun","2016_Apr_to_Jun","HYSTERECTOMY",2063,2,0.1
"288",2016,3,"Jul_to_Sep","2016_Jul_to_Sep","HYSTERECTOMY",2191,1,0.05
"289",2016,4,"Oct_to_Dec","2016_Oct_to_Dec","HYSTERECTOMY",2304,2,0.09
"290",2017,1,"Jan_to_Mar","2017_Jan_to_Mar","HYSTERECTOMY",2139,3,0.14
"291",2017,3,"Jul_to_Sep","2017_Jul_to_Sep","HYSTERECTOMY",982,1,0.1
"292",2010,1,"Jan_to_Mar","2010_Jan_to_Mar","KEYWORD_BLOOD",2045,5,0.24
"293",2010,2,"Apr_to_Jun","2010_Apr_to_Jun","KEYWORD_BLOOD",1972,5,0.25
"294",2010,3,"Jul_to_Sep","2010_Jul_to_Sep","KEYWORD_BLOOD",2203,4,0.18
"295",2010,4,"Oct_to_Dec","2010_Oct_to_Dec","KEYWORD_BLOOD",2160,5,0.23
"296",2011,1,"Jan_to_Mar","2011_Jan_to_Mar","KEYWORD_BLOOD",2027,3,0.15
"297",2011,2,"Apr_to_Jun","2011_Apr_to_Jun","KEYWORD_BLOOD",2077,7,0.34
"298",2011,3,"Jul_to_Sep","2011_Jul_to_Sep","KEYWORD_BLOOD",2243,1,0.04
"299",2011,4,"Oct_to_Dec","2011_Oct_to_Dec","KEYWORD_BLOOD",2032,1,0.05
"300",2012,1,"Jan_to_Mar","2012_Jan_to_Mar","KEYWORD_BLOOD",1991,1,0.05
"301",2012,2,"Apr_to_Jun","2012_Apr_to_Jun","KEYWORD_BLOOD",2041,6,0.29
"302",2012,3,"Jul_to_Sep","2012_Jul_to_Sep","KEYWORD_BLOOD",2189,1,0.05
"303",2012,4,"Oct_to_Dec","2012_Oct_to_Dec","KEYWORD_BLOOD",2045,4,0.2
"304",2013,1,"Jan_to_Mar","2013_Jan_to_Mar","KEYWORD_BLOOD",1839,3,0.16
"305",2013,2,"Apr_to_Jun","2013_Apr_to_Jun","KEYWORD_BLOOD",1920,1,0.05
"306",2013,3,"Jul_to_Sep","2013_Jul_to_Sep","KEYWORD_BLOOD",2018,2,0.1
"307",2013,4,"Oct_to_Dec","2013_Oct_to_Dec","KEYWORD_BLOOD",2058,1,0.05
"308",2014,1,"Jan_to_Mar","2014_Jan_to_Mar","KEYWORD_BLOOD",2010,3,0.15
"309",2014,2,"Apr_to_Jun","2014_Apr_to_Jun","KEYWORD_BLOOD",1973,2,0.1
"310",2014,3,"Jul_to_Sep","2014_Jul_to_Sep","KEYWORD_BLOOD",2188,1,0.05
"311",2014,4,"Oct_to_Dec","2014_Oct_to_Dec","KEYWORD_BLOOD",2069,5,0.24
"312",2015,1,"Jan_to_Mar","2015_Jan_to_Mar","KEYWORD_BLOOD",2067,4,0.19
"313",2015,2,"Apr_to_Jun","2015_Apr_to_Jun","KEYWORD_BLOOD",2043,5,0.24
"314",2015,3,"Jul_to_Sep","2015_Jul_to_Sep","KEYWORD_BLOOD",2201,4,0.18
"315",2016,1,"Jan_to_Mar","2016_Jan_to_Mar","KEYWORD_BLOOD",1991,2,0.1
"316",2016,3,"Jul_to_Sep","2016_Jul_to_Sep","KEYWORD_BLOOD",2191,27,1.23
"317",2016,4,"Oct_to_Dec","2016_Oct_to_Dec","KEYWORD_BLOOD",2304,381,16.54
"318",2017,1,"Jan_to_Mar","2017_Jan_to_Mar","KEYWORD_BLOOD",2139,508,23.75
"319",2017,2,"Apr_to_Jun","2017_Apr_to_Jun","KEYWORD_BLOOD",2187,674,30.82
"320",2017,3,"Jul_to_Sep","2017_Jul_to_Sep","KEYWORD_BLOOD",982,362,36.86
"321",2015,2,"Apr_to_Jun","2015_Apr_to_Jun","KEYWORD_PLASMA",2043,2,0.1
"322",2016,3,"Jul_to_Sep","2016_Jul_to_Sep","KEYWORD_PLASMA",2191,2,0.09
"323",2016,4,"Oct_to_Dec","2016_Oct_to_Dec","KEYWORD_PLASMA",2304,15,0.65
"324",2017,1,"Jan_to_Mar","2017_Jan_to_Mar","KEYWORD_PLASMA",2139,6,0.28
"325",2017,2,"Apr_to_Jun","2017_Apr_to_Jun","KEYWORD_PLASMA",2187,9,0.41
"326",2017,3,"Jul_to_Sep","2017_Jul_to_Sep","KEYWORD_PLASMA",982,3,0.31
"327",2014,1,"Jan_to_Mar","2014_Jan_to_Mar","KEYWORD_PLATELET",2010,1,0.05
"328",2014,3,"Jul_to_Sep","2014_Jul_to_Sep","KEYWORD_PLATELET",2188,1,0.05
"329",2015,3,"Jul_to_Sep","2015_Jul_to_Sep","KEYWORD_PLATELET",2201,1,0.05
"330",2010,1,"Jan_to_Mar","2010_Jan_to_Mar","KEYWORD_TRANSFUSION",2045,25,1.22
"331",2010,2,"Apr_to_Jun","2010_Apr_to_Jun","KEYWORD_TRANSFUSION",1972,37,1.88
"332",2010,3,"Jul_to_Sep","2010_Jul_to_Sep","KEYWORD_TRANSFUSION",2203,33,1.5
"333",2010,4,"Oct_to_Dec","2010_Oct_to_Dec","KEYWORD_TRANSFUSION",2160,49,2.27
"334",2011,1,"Jan_to_Mar","2011_Jan_to_Mar","KEYWORD_TRANSFUSION",2027,45,2.22
"335",2011,2,"Apr_to_Jun","2011_Apr_to_Jun","KEYWORD_TRANSFUSION",2077,39,1.88
"336",2011,3,"Jul_to_Sep","2011_Jul_to_Sep","KEYWORD_TRANSFUSION",2243,34,1.52
"337",2011,4,"Oct_to_Dec","2011_Oct_to_Dec","KEYWORD_TRANSFUSION",2032,47,2.31
"338",2012,1,"Jan_to_Mar","2012_Jan_to_Mar","KEYWORD_TRANSFUSION",1991,48,2.41
"339",2012,2,"Apr_to_Jun","2012_Apr_to_Jun","KEYWORD_TRANSFUSION",2041,37,1.81
"340",2012,3,"Jul_to_Sep","2012_Jul_to_Sep","KEYWORD_TRANSFUSION",2189,40,1.83
"341",2012,4,"Oct_to_Dec","2012_Oct_to_Dec","KEYWORD_TRANSFUSION",2045,45,2.2
"342",2013,1,"Jan_to_Mar","2013_Jan_to_Mar","KEYWORD_TRANSFUSION",1839,47,2.56
"343",2013,2,"Apr_to_Jun","2013_Apr_to_Jun","KEYWORD_TRANSFUSION",1920,38,1.98
"344",2013,3,"Jul_to_Sep","2013_Jul_to_Sep","KEYWORD_TRANSFUSION",2018,48,2.38
"345",2013,4,"Oct_to_Dec","2013_Oct_to_Dec","KEYWORD_TRANSFUSION",2058,54,2.62
"346",2014,1,"Jan_to_Mar","2014_Jan_to_Mar","KEYWORD_TRANSFUSION",2010,34,1.69
"347",2014,2,"Apr_to_Jun","2014_Apr_to_Jun","KEYWORD_TRANSFUSION",1973,47,2.38
"348",2014,3,"Jul_to_Sep","2014_Jul_to_Sep","KEYWORD_TRANSFUSION",2188,55,2.51
"349",2014,4,"Oct_to_Dec","2014_Oct_to_Dec","KEYWORD_TRANSFUSION",2069,50,2.42
"350",2015,1,"Jan_to_Mar","2015_Jan_to_Mar","KEYWORD_TRANSFUSION",2067,45,2.18
"351",2015,2,"Apr_to_Jun","2015_Apr_to_Jun","KEYWORD_TRANSFUSION",2043,37,1.81
"352",2015,3,"Jul_to_Sep","2015_Jul_to_Sep","KEYWORD_TRANSFUSION",2201,63,2.86
"353",2015,4,"Oct_to_Dec","2015_Oct_to_Dec","KEYWORD_TRANSFUSION",2055,12,0.58
"354",2016,1,"Jan_to_Mar","2016_Jan_to_Mar","KEYWORD_TRANSFUSION",1991,13,0.65
"355",2016,2,"Apr_to_Jun","2016_Apr_to_Jun","KEYWORD_TRANSFUSION",2063,11,0.53
"356",2016,3,"Jul_to_Sep","2016_Jul_to_Sep","KEYWORD_TRANSFUSION",2191,11,0.5
"357",2016,4,"Oct_to_Dec","2016_Oct_to_Dec","KEYWORD_TRANSFUSION",2304,15,0.65
"358",2017,1,"Jan_to_Mar","2017_Jan_to_Mar","KEYWORD_TRANSFUSION",2139,20,0.94
"359",2017,2,"Apr_to_Jun","2017_Apr_to_Jun","KEYWORD_TRANSFUSION",2187,11,0.5
"360",2017,3,"Jul_to_Sep","2017_Jul_to_Sep","KEYWORD_TRANSFUSION",982,6,0.61
"361",2010,1,"Jan_to_Mar","2010_Jan_to_Mar","KEYWORD_TRANSFUSION_SEPT4",2045,25,1.22
"362",2010,2,"Apr_to_Jun","2010_Apr_to_Jun","KEYWORD_TRANSFUSION_SEPT4",1972,37,1.88
"363",2010,3,"Jul_to_Sep","2010_Jul_to_Sep","KEYWORD_TRANSFUSION_SEPT4",2203,33,1.5
"364",2010,4,"Oct_to_Dec","2010_Oct_to_Dec","KEYWORD_TRANSFUSION_SEPT4",2160,49,2.27
"365",2011,1,"Jan_to_Mar","2011_Jan_to_Mar","KEYWORD_TRANSFUSION_SEPT4",2027,45,2.22
"366",2011,2,"Apr_to_Jun","2011_Apr_to_Jun","KEYWORD_TRANSFUSION_SEPT4",2077,39,1.88
"367",2011,3,"Jul_to_Sep","2011_Jul_to_Sep","KEYWORD_TRANSFUSION_SEPT4",2243,34,1.52
"368",2011,4,"Oct_to_Dec","2011_Oct_to_Dec","KEYWORD_TRANSFUSION_SEPT4",2032,47,2.31
"369",2012,1,"Jan_to_Mar","2012_Jan_to_Mar","KEYWORD_TRANSFUSION_SEPT4",1991,48,2.41
"370",2012,2,"Apr_to_Jun","2012_Apr_to_Jun","KEYWORD_TRANSFUSION_SEPT4",2041,37,1.81
"371",2012,3,"Jul_to_Sep","2012_Jul_to_Sep","KEYWORD_TRANSFUSION_SEPT4",2189,40,1.83
"372",2012,4,"Oct_to_Dec","2012_Oct_to_Dec","KEYWORD_TRANSFUSION_SEPT4",2045,45,2.2
"373",2013,1,"Jan_to_Mar","2013_Jan_to_Mar","KEYWORD_TRANSFUSION_SEPT4",1839,47,2.56
"374",2013,2,"Apr_to_Jun","2013_Apr_to_Jun","KEYWORD_TRANSFUSION_SEPT4",1920,38,1.98
"375",2013,3,"Jul_to_Sep","2013_Jul_to_Sep","KEYWORD_TRANSFUSION_SEPT4",2018,48,2.38
"376",2013,4,"Oct_to_Dec","2013_Oct_to_Dec","KEYWORD_TRANSFUSION_SEPT4",2058,54,2.62
"377",2014,1,"Jan_to_Mar","2014_Jan_to_Mar","KEYWORD_TRANSFUSION_SEPT4",2010,34,1.69
"378",2014,2,"Apr_to_Jun","2014_Apr_to_Jun","KEYWORD_TRANSFUSION_SEPT4",1973,47,2.38
"379",2014,3,"Jul_to_Sep","2014_Jul_to_Sep","KEYWORD_TRANSFUSION_SEPT4",2188,55,2.51
"380",2014,4,"Oct_to_Dec","2014_Oct_to_Dec","KEYWORD_TRANSFUSION_SEPT4",2069,50,2.42
"381",2015,1,"Jan_to_Mar","2015_Jan_to_Mar","KEYWORD_TRANSFUSION_SEPT4",2067,45,2.18
"382",2015,2,"Apr_to_Jun","2015_Apr_to_Jun","KEYWORD_TRANSFUSION_SEPT4",2043,37,1.81
"383",2015,3,"Jul_to_Sep","2015_Jul_to_Sep","KEYWORD_TRANSFUSION_SEPT4",2201,63,2.86
"384",2015,4,"Oct_to_Dec","2015_Oct_to_Dec","KEYWORD_TRANSFUSION_SEPT4",2055,12,0.58
"385",2016,1,"Jan_to_Mar","2016_Jan_to_Mar","KEYWORD_TRANSFUSION_SEPT4",1991,13,0.65
"386",2016,2,"Apr_to_Jun","2016_Apr_to_Jun","KEYWORD_TRANSFUSION_SEPT4",2063,11,0.53
"387",2016,3,"Jul_to_Sep","2016_Jul_to_Sep","KEYWORD_TRANSFUSION_SEPT4",2191,11,0.5
"388",2016,4,"Oct_to_Dec","2016_Oct_to_Dec","KEYWORD_TRANSFUSION_SEPT4",2304,15,0.65
"389",2017,1,"Jan_to_Mar","2017_Jan_to_Mar","KEYWORD_TRANSFUSION_SEPT4",2139,20,0.94
"390",2017,2,"Apr_to_Jun","2017_Apr_to_Jun","KEYWORD_TRANSFUSION_SEPT4",2187,11,0.5
"391",2017,3,"Jul_to_Sep","2017_Jul_to_Sep","KEYWORD_TRANSFUSION_SEPT4",982,6,0.61
"392",2010,1,"Jan_to_Mar","2010_Jan_to_Mar","OTHER_OB_SURGERY_COMP",2045,12,0.59
"393",2010,2,"Apr_to_Jun","2010_Apr_to_Jun","OTHER_OB_SURGERY_COMP",1972,14,0.71
"394",2010,3,"Jul_to_Sep","2010_Jul_to_Sep","OTHER_OB_SURGERY_COMP",2203,10,0.45
"395",2010,4,"Oct_to_Dec","2010_Oct_to_Dec","OTHER_OB_SURGERY_COMP",2160,16,0.74
"396",2011,1,"Jan_to_Mar","2011_Jan_to_Mar","OTHER_OB_SURGERY_COMP",2027,8,0.39
"397",2011,2,"Apr_to_Jun","2011_Apr_to_Jun","OTHER_OB_SURGERY_COMP",2077,12,0.58
"398",2011,3,"Jul_to_Sep","2011_Jul_to_Sep","OTHER_OB_SURGERY_COMP",2243,11,0.49
"399",2011,4,"Oct_to_Dec","2011_Oct_to_Dec","OTHER_OB_SURGERY_COMP",2032,14,0.69
"400",2012,1,"Jan_to_Mar","2012_Jan_to_Mar","OTHER_OB_SURGERY_COMP",1991,12,0.6
"401",2012,2,"Apr_to_Jun","2012_Apr_to_Jun","OTHER_OB_SURGERY_COMP",2041,11,0.54
"402",2012,3,"Jul_to_Sep","2012_Jul_to_Sep","OTHER_OB_SURGERY_COMP",2189,11,0.5
"403",2012,4,"Oct_to_Dec","2012_Oct_to_Dec","OTHER_OB_SURGERY_COMP",2045,21,1.03
"404",2013,1,"Jan_to_Mar","2013_Jan_to_Mar","OTHER_OB_SURGERY_COMP",1839,12,0.65
"405",2013,2,"Apr_to_Jun","2013_Apr_to_Jun","OTHER_OB_SURGERY_COMP",1920,7,0.36
"406",2013,3,"Jul_to_Sep","2013_Jul_to_Sep","OTHER_OB_SURGERY_COMP",2018,14,0.69
"407",2013,4,"Oct_to_Dec","2013_Oct_to_Dec","OTHER_OB_SURGERY_COMP",2058,9,0.44
"408",2014,1,"Jan_to_Mar","2014_Jan_to_Mar","OTHER_OB_SURGERY_COMP",2010,5,0.25
"409",2014,2,"Apr_to_Jun","2014_Apr_to_Jun","OTHER_OB_SURGERY_COMP",1973,8,0.41
"410",2014,3,"Jul_to_Sep","2014_Jul_to_Sep","OTHER_OB_SURGERY_COMP",2188,14,0.64
"411",2014,4,"Oct_to_Dec","2014_Oct_to_Dec","OTHER_OB_SURGERY_COMP",2069,11,0.53
"412",2015,1,"Jan_to_Mar","2015_Jan_to_Mar","OTHER_OB_SURGERY_COMP",2067,4,0.19
"413",2015,2,"Apr_to_Jun","2015_Apr_to_Jun","OTHER_OB_SURGERY_COMP",2043,5,0.24
"414",2015,3,"Jul_to_Sep","2015_Jul_to_Sep","OTHER_OB_SURGERY_COMP",2201,10,0.45
"415",2010,3,"Jul_to_Sep","2010_Jul_to_Sep","PUERPERAL_CEREBROVASCULAR_DISORDER",2203,1,0.05
"416",2011,1,"Jan_to_Mar","2011_Jan_to_Mar","PUERPERAL_CEREBROVASCULAR_DISORDER",2027,1,0.05
"417",2011,2,"Apr_to_Jun","2011_Apr_to_Jun","PUERPERAL_CEREBROVASCULAR_DISORDER",2077,1,0.05
"418",2011,3,"Jul_to_Sep","2011_Jul_to_Sep","PUERPERAL_CEREBROVASCULAR_DISORDER",2243,1,0.04
"419",2012,1,"Jan_to_Mar","2012_Jan_to_Mar","PUERPERAL_CEREBROVASCULAR_DISORDER",1991,1,0.05
"420",2012,2,"Apr_to_Jun","2012_Apr_to_Jun","PUERPERAL_CEREBROVASCULAR_DISORDER",2041,1,0.05
"421",2012,3,"Jul_to_Sep","2012_Jul_to_Sep","PUERPERAL_CEREBROVASCULAR_DISORDER",2189,2,0.09
"422",2012,4,"Oct_to_Dec","2012_Oct_to_Dec","PUERPERAL_CEREBROVASCULAR_DISORDER",2045,3,0.15
"423",2013,1,"Jan_to_Mar","2013_Jan_to_Mar","PUERPERAL_CEREBROVASCULAR_DISORDER",1839,1,0.05
"424",2013,4,"Oct_to_Dec","2013_Oct_to_Dec","PUERPERAL_CEREBROVASCULAR_DISORDER",2058,2,0.1
"425",2014,1,"Jan_to_Mar","2014_Jan_to_Mar","PUERPERAL_CEREBROVASCULAR_DISORDER",2010,4,0.2
"426",2014,2,"Apr_to_Jun","2014_Apr_to_Jun","PUERPERAL_CEREBROVASCULAR_DISORDER",1973,2,0.1
"427",2014,4,"Oct_to_Dec","2014_Oct_to_Dec","PUERPERAL_CEREBROVASCULAR_DISORDER",2069,1,0.05
"428",2015,2,"Apr_to_Jun","2015_Apr_to_Jun","PUERPERAL_CEREBROVASCULAR_DISORDER",2043,1,0.05
"429",2015,3,"Jul_to_Sep","2015_Jul_to_Sep","PUERPERAL_CEREBROVASCULAR_DISORDER",2201,1,0.05
"430",2015,4,"Oct_to_Dec","2015_Oct_to_Dec","PUERPERAL_CEREBROVASCULAR_DISORDER",2055,1,0.05
"431",2016,1,"Jan_to_Mar","2016_Jan_to_Mar","PUERPERAL_CEREBROVASCULAR_DISORDER",1991,1,0.05
"432",2016,2,"Apr_to_Jun","2016_Apr_to_Jun","PUERPERAL_CEREBROVASCULAR_DISORDER",2063,1,0.05
"433",2016,4,"Oct_to_Dec","2016_Oct_to_Dec","PUERPERAL_CEREBROVASCULAR_DISORDER",2304,8,0.35
"434",2017,1,"Jan_to_Mar","2017_Jan_to_Mar","PUERPERAL_CEREBROVASCULAR_DISORDER",2139,1,0.05
"435",2017,2,"Apr_to_Jun","2017_Apr_to_Jun","PUERPERAL_CEREBROVASCULAR_DISORDER",2187,1,0.05
"436",2017,3,"Jul_to_Sep","2017_Jul_to_Sep","PUERPERAL_CEREBROVASCULAR_DISORDER",982,2,0.2
"437",2010,1,"Jan_to_Mar","2010_Jan_to_Mar","PULMONARY_EDEMA",2045,3,0.15
"438",2010,2,"Apr_to_Jun","2010_Apr_to_Jun","PULMONARY_EDEMA",1972,5,0.25
"439",2010,3,"Jul_to_Sep","2010_Jul_to_Sep","PULMONARY_EDEMA",2203,3,0.14
"440",2010,4,"Oct_to_Dec","2010_Oct_to_Dec","PULMONARY_EDEMA",2160,6,0.28
"441",2011,1,"Jan_to_Mar","2011_Jan_to_Mar","PULMONARY_EDEMA",2027,1,0.05
"442",2011,2,"Apr_to_Jun","2011_Apr_to_Jun","PULMONARY_EDEMA",2077,1,0.05
"443",2011,3,"Jul_to_Sep","2011_Jul_to_Sep","PULMONARY_EDEMA",2243,2,0.09
"444",2011,4,"Oct_to_Dec","2011_Oct_to_Dec","PULMONARY_EDEMA",2032,1,0.05
"445",2012,1,"Jan_to_Mar","2012_Jan_to_Mar","PULMONARY_EDEMA",1991,4,0.2
"446",2012,2,"Apr_to_Jun","2012_Apr_to_Jun","PULMONARY_EDEMA",2041,2,0.1
"447",2012,3,"Jul_to_Sep","2012_Jul_to_Sep","PULMONARY_EDEMA",2189,3,0.14
"448",2012,4,"Oct_to_Dec","2012_Oct_to_Dec","PULMONARY_EDEMA",2045,3,0.15
"449",2013,1,"Jan_to_Mar","2013_Jan_to_Mar","PULMONARY_EDEMA",1839,2,0.11
"450",2013,2,"Apr_to_Jun","2013_Apr_to_Jun","PULMONARY_EDEMA",1920,1,0.05
"451",2013,3,"Jul_to_Sep","2013_Jul_to_Sep","PULMONARY_EDEMA",2018,2,0.1
"452",2013,4,"Oct_to_Dec","2013_Oct_to_Dec","PULMONARY_EDEMA",2058,7,0.34
"453",2014,1,"Jan_to_Mar","2014_Jan_to_Mar","PULMONARY_EDEMA",2010,4,0.2
"454",2014,2,"Apr_to_Jun","2014_Apr_to_Jun","PULMONARY_EDEMA",1973,2,0.1
"455",2014,3,"Jul_to_Sep","2014_Jul_to_Sep","PULMONARY_EDEMA",2188,6,0.27
"456",2014,4,"Oct_to_Dec","2014_Oct_to_Dec","PULMONARY_EDEMA",2069,4,0.19
"457",2015,1,"Jan_to_Mar","2015_Jan_to_Mar","PULMONARY_EDEMA",2067,1,0.05
"458",2015,2,"Apr_to_Jun","2015_Apr_to_Jun","PULMONARY_EDEMA",2043,3,0.15
"459",2015,3,"Jul_to_Sep","2015_Jul_to_Sep","PULMONARY_EDEMA",2201,1,0.05
"460",2015,4,"Oct_to_Dec","2015_Oct_to_Dec","PULMONARY_EDEMA",2055,4,0.19
"461",2016,1,"Jan_to_Mar","2016_Jan_to_Mar","PULMONARY_EDEMA",1991,6,0.3
"462",2016,3,"Jul_to_Sep","2016_Jul_to_Sep","PULMONARY_EDEMA",2191,1,0.05
"463",2017,1,"Jan_to_Mar","2017_Jan_to_Mar","PULMONARY_EDEMA",2139,2,0.09
"464",2017,3,"Jul_to_Sep","2017_Jul_to_Sep","PULMONARY_EDEMA",982,4,0.41
"465",2010,1,"Jan_to_Mar","2010_Jan_to_Mar","RESPIRATORY_DISTRESS_SYNDROME",2045,1,0.05
"466",2010,2,"Apr_to_Jun","2010_Apr_to_Jun","RESPIRATORY_DISTRESS_SYNDROME",1972,2,0.1
"467",2010,3,"Jul_to_Sep","2010_Jul_to_Sep","RESPIRATORY_DISTRESS_SYNDROME",2203,3,0.14
"468",2010,4,"Oct_to_Dec","2010_Oct_to_Dec","RESPIRATORY_DISTRESS_SYNDROME",2160,1,0.05
"469",2011,2,"Apr_to_Jun","2011_Apr_to_Jun","RESPIRATORY_DISTRESS_SYNDROME",2077,1,0.05
"470",2011,3,"Jul_to_Sep","2011_Jul_to_Sep","RESPIRATORY_DISTRESS_SYNDROME",2243,1,0.04
"471",2012,1,"Jan_to_Mar","2012_Jan_to_Mar","RESPIRATORY_DISTRESS_SYNDROME",1991,1,0.05
"472",2012,3,"Jul_to_Sep","2012_Jul_to_Sep","RESPIRATORY_DISTRESS_SYNDROME",2189,1,0.05
"473",2012,4,"Oct_to_Dec","2012_Oct_to_Dec","RESPIRATORY_DISTRESS_SYNDROME",2045,2,0.1
"474",2013,1,"Jan_to_Mar","2013_Jan_to_Mar","RESPIRATORY_DISTRESS_SYNDROME",1839,1,0.05
"475",2013,2,"Apr_to_Jun","2013_Apr_to_Jun","RESPIRATORY_DISTRESS_SYNDROME",1920,2,0.1
"476",2013,3,"Jul_to_Sep","2013_Jul_to_Sep","RESPIRATORY_DISTRESS_SYNDROME",2018,3,0.15
"477",2013,4,"Oct_to_Dec","2013_Oct_to_Dec","RESPIRATORY_DISTRESS_SYNDROME",2058,3,0.15
"478",2014,1,"Jan_to_Mar","2014_Jan_to_Mar","RESPIRATORY_DISTRESS_SYNDROME",2010,1,0.05
"479",2014,2,"Apr_to_Jun","2014_Apr_to_Jun","RESPIRATORY_DISTRESS_SYNDROME",1973,2,0.1
"480",2014,3,"Jul_to_Sep","2014_Jul_to_Sep","RESPIRATORY_DISTRESS_SYNDROME",2188,3,0.14
"481",2014,4,"Oct_to_Dec","2014_Oct_to_Dec","RESPIRATORY_DISTRESS_SYNDROME",2069,2,0.1
"482",2015,3,"Jul_to_Sep","2015_Jul_to_Sep","RESPIRATORY_DISTRESS_SYNDROME",2201,3,0.14
"483",2015,4,"Oct_to_Dec","2015_Oct_to_Dec","RESPIRATORY_DISTRESS_SYNDROME",2055,2,0.1
"484",2016,2,"Apr_to_Jun","2016_Apr_to_Jun","RESPIRATORY_DISTRESS_SYNDROME",2063,3,0.15
"485",2016,3,"Jul_to_Sep","2016_Jul_to_Sep","RESPIRATORY_DISTRESS_SYNDROME",2191,2,0.09
"486",2017,1,"Jan_to_Mar","2017_Jan_to_Mar","RESPIRATORY_DISTRESS_SYNDROME",2139,1,0.05
"487",2017,2,"Apr_to_Jun","2017_Apr_to_Jun","RESPIRATORY_DISTRESS_SYNDROME",2187,2,0.09
"488",2017,3,"Jul_to_Sep","2017_Jul_to_Sep","RESPIRATORY_DISTRESS_SYNDROME",982,1,0.1
"489",2010,2,"Apr_to_Jun","2010_Apr_to_Jun","SC_PAIN_CRISIS",1972,2,0.1
"490",2010,3,"Jul_to_Sep","2010_Jul_to_Sep","SC_PAIN_CRISIS",2203,1,0.05
"491",2010,4,"Oct_to_Dec","2010_Oct_to_Dec","SC_PAIN_CRISIS",2160,1,0.05
"492",2011,1,"Jan_to_Mar","2011_Jan_to_Mar","SC_PAIN_CRISIS",2027,1,0.05
"493",2012,1,"Jan_to_Mar","2012_Jan_to_Mar","SC_PAIN_CRISIS",1991,2,0.1
"494",2012,2,"Apr_to_Jun","2012_Apr_to_Jun","SC_PAIN_CRISIS",2041,1,0.05
"495",2012,3,"Jul_to_Sep","2012_Jul_to_Sep","SC_PAIN_CRISIS",2189,1,0.05
"496",2012,4,"Oct_to_Dec","2012_Oct_to_Dec","SC_PAIN_CRISIS",2045,3,0.15
"497",2013,1,"Jan_to_Mar","2013_Jan_to_Mar","SC_PAIN_CRISIS",1839,4,0.22
"498",2013,3,"Jul_to_Sep","2013_Jul_to_Sep","SC_PAIN_CRISIS",2018,1,0.05
"499",2013,4,"Oct_to_Dec","2013_Oct_to_Dec","SC_PAIN_CRISIS",2058,2,0.1
"500",2014,1,"Jan_to_Mar","2014_Jan_to_Mar","SC_PAIN_CRISIS",2010,1,0.05
"501",2014,3,"Jul_to_Sep","2014_Jul_to_Sep","SC_PAIN_CRISIS",2188,5,0.23
"502",2014,4,"Oct_to_Dec","2014_Oct_to_Dec","SC_PAIN_CRISIS",2069,3,0.14
"503",2015,1,"Jan_to_Mar","2015_Jan_to_Mar","SC_PAIN_CRISIS",2067,3,0.15
"504",2015,3,"Jul_to_Sep","2015_Jul_to_Sep","SC_PAIN_CRISIS",2201,5,0.23
"505",2016,1,"Jan_to_Mar","2016_Jan_to_Mar","SC_PAIN_CRISIS",1991,1,0.05
"506",2016,2,"Apr_to_Jun","2016_Apr_to_Jun","SC_PAIN_CRISIS",2063,1,0.05
"507",2016,4,"Oct_to_Dec","2016_Oct_to_Dec","SC_PAIN_CRISIS",2304,2,0.09
"508",2017,2,"Apr_to_Jun","2017_Apr_to_Jun","SC_PAIN_CRISIS",2187,1,0.05
"509",2010,2,"Apr_to_Jun","2010_Apr_to_Jun","SEPSIS",1972,3,0.15
"510",2010,3,"Jul_to_Sep","2010_Jul_to_Sep","SEPSIS",2203,2,0.09
"511",2010,4,"Oct_to_Dec","2010_Oct_to_Dec","SEPSIS",2160,2,0.09
"512",2011,4,"Oct_to_Dec","2011_Oct_to_Dec","SEPSIS",2032,1,0.05
"513",2012,1,"Jan_to_Mar","2012_Jan_to_Mar","SEPSIS",1991,1,0.05
"514",2012,2,"Apr_to_Jun","2012_Apr_to_Jun","SEPSIS",2041,3,0.15
"515",2012,4,"Oct_to_Dec","2012_Oct_to_Dec","SEPSIS",2045,6,0.29
"516",2013,2,"Apr_to_Jun","2013_Apr_to_Jun","SEPSIS",1920,1,0.05
"517",2013,3,"Jul_to_Sep","2013_Jul_to_Sep","SEPSIS",2018,2,0.1
"518",2013,4,"Oct_to_Dec","2013_Oct_to_Dec","SEPSIS",2058,2,0.1
"519",2014,1,"Jan_to_Mar","2014_Jan_to_Mar","SEPSIS",2010,1,0.05
"520",2014,2,"Apr_to_Jun","2014_Apr_to_Jun","SEPSIS",1973,1,0.05
"521",2014,3,"Jul_to_Sep","2014_Jul_to_Sep","SEPSIS",2188,3,0.14
"522",2014,4,"Oct_to_Dec","2014_Oct_to_Dec","SEPSIS",2069,4,0.19
"523",2015,2,"Apr_to_Jun","2015_Apr_to_Jun","SEPSIS",2043,3,0.15
"524",2015,3,"Jul_to_Sep","2015_Jul_to_Sep","SEPSIS",2201,4,0.18
"525",2015,4,"Oct_to_Dec","2015_Oct_to_Dec","SEPSIS",2055,1,0.05
"526",2016,1,"Jan_to_Mar","2016_Jan_to_Mar","SEPSIS",1991,1,0.05
"527",2016,2,"Apr_to_Jun","2016_Apr_to_Jun","SEPSIS",2063,8,0.39
"528",2016,3,"Jul_to_Sep","2016_Jul_to_Sep","SEPSIS",2191,3,0.14
"529",2016,4,"Oct_to_Dec","2016_Oct_to_Dec","SEPSIS",2304,3,0.13
"530",2017,1,"Jan_to_Mar","2017_Jan_to_Mar","SEPSIS",2139,2,0.09
"531",2017,2,"Apr_to_Jun","2017_Apr_to_Jun","SEPSIS",2187,3,0.14
"532",2017,3,"Jul_to_Sep","2017_Jul_to_Sep","SEPSIS",982,2,0.2
"533",2010,2,"Apr_to_Jun","2010_Apr_to_Jun","SEVERE_ANESTHESIA_COMP",1972,2,0.1
"534",2010,3,"Jul_to_Sep","2010_Jul_to_Sep","SEVERE_ANESTHESIA_COMP",2203,1,0.05
"535",2010,4,"Oct_to_Dec","2010_Oct_to_Dec","SEVERE_ANESTHESIA_COMP",2160,2,0.09
"536",2011,2,"Apr_to_Jun","2011_Apr_to_Jun","SEVERE_ANESTHESIA_COMP",2077,1,0.05
"537",2011,3,"Jul_to_Sep","2011_Jul_to_Sep","SEVERE_ANESTHESIA_COMP",2243,3,0.13
"538",2012,2,"Apr_to_Jun","2012_Apr_to_Jun","SEVERE_ANESTHESIA_COMP",2041,1,0.05
"539",2013,3,"Jul_to_Sep","2013_Jul_to_Sep","SEVERE_ANESTHESIA_COMP",2018,1,0.05
"540",2014,3,"Jul_to_Sep","2014_Jul_to_Sep","SEVERE_ANESTHESIA_COMP",2188,2,0.09
"541",2017,2,"Apr_to_Jun","2017_Apr_to_Jun","SEVERE_ANESTHESIA_COMP",2187,1,0.05
"542",2017,3,"Jul_to_Sep","2017_Jul_to_Sep","SEVERE_ANESTHESIA_COMP",982,1,0.1
"543",2010,3,"Jul_to_Sep","2010_Jul_to_Sep","SHOCK",2203,5,0.23
"544",2011,2,"Apr_to_Jun","2011_Apr_to_Jun","SHOCK",2077,1,0.05
"545",2012,1,"Jan_to_Mar","2012_Jan_to_Mar","SHOCK",1991,1,0.05
"546",2012,2,"Apr_to_Jun","2012_Apr_to_Jun","SHOCK",2041,2,0.1
"547",2012,4,"Oct_to_Dec","2012_Oct_to_Dec","SHOCK",2045,3,0.15
"548",2013,1,"Jan_to_Mar","2013_Jan_to_Mar","SHOCK",1839,2,0.11
"549",2013,2,"Apr_to_Jun","2013_Apr_to_Jun","SHOCK",1920,1,0.05
"550",2013,3,"Jul_to_Sep","2013_Jul_to_Sep","SHOCK",2018,2,0.1
"551",2013,4,"Oct_to_Dec","2013_Oct_to_Dec","SHOCK",2058,1,0.05
"552",2014,2,"Apr_to_Jun","2014_Apr_to_Jun","SHOCK",1973,1,0.05
"553",2014,3,"Jul_to_Sep","2014_Jul_to_Sep","SHOCK",2188,1,0.05
"554",2014,4,"Oct_to_Dec","2014_Oct_to_Dec","SHOCK",2069,3,0.14
"555",2015,1,"Jan_to_Mar","2015_Jan_to_Mar","SHOCK",2067,2,0.1
"556",2015,2,"Apr_to_Jun","2015_Apr_to_Jun","SHOCK",2043,2,0.1
"557",2015,3,"Jul_to_Sep","2015_Jul_to_Sep","SHOCK",2201,1,0.05
"558",2015,4,"Oct_to_Dec","2015_Oct_to_Dec","SHOCK",2055,1,0.05
"559",2016,1,"Jan_to_Mar","2016_Jan_to_Mar","SHOCK",1991,4,0.2
"560",2016,2,"Apr_to_Jun","2016_Apr_to_Jun","SHOCK",2063,2,0.1
"561",2016,3,"Jul_to_Sep","2016_Jul_to_Sep","SHOCK",2191,3,0.14
"562",2016,4,"Oct_to_Dec","2016_Oct_to_Dec","SHOCK",2304,1,0.04
"563",2017,1,"Jan_to_Mar","2017_Jan_to_Mar","SHOCK",2139,4,0.19
"564",2017,2,"Apr_to_Jun","2017_Apr_to_Jun","SHOCK",2187,2,0.09
"565",2017,3,"Jul_to_Sep","2017_Jul_to_Sep","SHOCK",982,2,0.2
"566",2010,1,"Jan_to_Mar","2010_Jan_to_Mar","TEMP_TRACHEOSTOMY",2045,1,0.05
"567",2010,2,"Apr_to_Jun","2010_Apr_to_Jun","TEMP_TRACHEOSTOMY",1972,1,0.05
"568",2010,3,"Jul_to_Sep","2010_Jul_to_Sep","TEMP_TRACHEOSTOMY",2203,4,0.18
"569",2011,2,"Apr_to_Jun","2011_Apr_to_Jun","TEMP_TRACHEOSTOMY",2077,1,0.05
"570",2011,3,"Jul_to_Sep","2011_Jul_to_Sep","TEMP_TRACHEOSTOMY",2243,1,0.04
"571",2012,1,"Jan_to_Mar","2012_Jan_to_Mar","TEMP_TRACHEOSTOMY",1991,2,0.1
"572",2012,2,"Apr_to_Jun","2012_Apr_to_Jun","TEMP_TRACHEOSTOMY",2041,2,0.1
"573",2012,3,"Jul_to_Sep","2012_Jul_to_Sep","TEMP_TRACHEOSTOMY",2189,1,0.05
"574",2012,4,"Oct_to_Dec","2012_Oct_to_Dec","TEMP_TRACHEOSTOMY",2045,2,0.1
"575",2013,1,"Jan_to_Mar","2013_Jan_to_Mar","TEMP_TRACHEOSTOMY",1839,1,0.05
"576",2013,2,"Apr_to_Jun","2013_Apr_to_Jun","TEMP_TRACHEOSTOMY",1920,1,0.05
"577",2013,3,"Jul_to_Sep","2013_Jul_to_Sep","TEMP_TRACHEOSTOMY",2018,2,0.1
"578",2013,4,"Oct_to_Dec","2013_Oct_to_Dec","TEMP_TRACHEOSTOMY",2058,4,0.19
"579",2014,1,"Jan_to_Mar","2014_Jan_to_Mar","TEMP_TRACHEOSTOMY",2010,1,0.05
"580",2014,2,"Apr_to_Jun","2014_Apr_to_Jun","TEMP_TRACHEOSTOMY",1973,1,0.05
"581",2014,3,"Jul_to_Sep","2014_Jul_to_Sep","TEMP_TRACHEOSTOMY",2188,3,0.14
"582",2014,4,"Oct_to_Dec","2014_Oct_to_Dec","TEMP_TRACHEOSTOMY",2069,2,0.1
"583",2015,1,"Jan_to_Mar","2015_Jan_to_Mar","TEMP_TRACHEOSTOMY",2067,1,0.05
"584",2015,3,"Jul_to_Sep","2015_Jul_to_Sep","TEMP_TRACHEOSTOMY",2201,4,0.18
"585",2016,2,"Apr_to_Jun","2016_Apr_to_Jun","TEMP_TRACHEOSTOMY",2063,1,0.05
"586",2010,1,"Jan_to_Mar","2010_Jan_to_Mar","VENTILATION",2045,1,0.05
"587",2010,2,"Apr_to_Jun","2010_Apr_to_Jun","VENTILATION",1972,1,0.05
"588",2010,3,"Jul_to_Sep","2010_Jul_to_Sep","VENTILATION",2203,5,0.23
"589",2010,4,"Oct_to_Dec","2010_Oct_to_Dec","VENTILATION",2160,1,0.05
"590",2011,3,"Jul_to_Sep","2011_Jul_to_Sep","VENTILATION",2243,2,0.09
"591",2011,4,"Oct_to_Dec","2011_Oct_to_Dec","VENTILATION",2032,1,0.05
"592",2012,1,"Jan_to_Mar","2012_Jan_to_Mar","VENTILATION",1991,2,0.1
"593",2012,2,"Apr_to_Jun","2012_Apr_to_Jun","VENTILATION",2041,2,0.1
"594",2012,3,"Jul_to_Sep","2012_Jul_to_Sep","VENTILATION",2189,2,0.09
"595",2012,4,"Oct_to_Dec","2012_Oct_to_Dec","VENTILATION",2045,1,0.05
"596",2013,2,"Apr_to_Jun","2013_Apr_to_Jun","VENTILATION",1920,2,0.1
"597",2013,3,"Jul_to_Sep","2013_Jul_to_Sep","VENTILATION",2018,3,0.15
"598",2013,4,"Oct_to_Dec","2013_Oct_to_Dec","VENTILATION",2058,5,0.24
"599",2014,1,"Jan_to_Mar","2014_Jan_to_Mar","VENTILATION",2010,1,0.05
"600",2014,2,"Apr_to_Jun","2014_Apr_to_Jun","VENTILATION",1973,2,0.1
"601",2014,3,"Jul_to_Sep","2014_Jul_to_Sep","VENTILATION",2188,5,0.23
"602",2014,4,"Oct_to_Dec","2014_Oct_to_Dec","VENTILATION",2069,3,0.14
"603",2015,1,"Jan_to_Mar","2015_Jan_to_Mar","VENTILATION",2067,3,0.15
"604",2015,3,"Jul_to_Sep","2015_Jul_to_Sep","VENTILATION",2201,6,0.27
"605",2016,2,"Apr_to_Jun","2016_Apr_to_Jun","VENTILATION",2063,3,0.15
"606",2016,3,"Jul_to_Sep","2016_Jul_to_Sep","VENTILATION",2191,1,0.05
"607",2017,2,"Apr_to_Jun","2017_Apr_to_Jun","VENTILATION",2187,2,0.09
"608",2017,3,"Jul_to_Sep","2017_Jul_to_Sep","VENTILATION",982,3,0.31
